name,price,asin
"







Iris Ohyama Powerful Ventilation, Low-Noise Air Circulator, whites






","
¥6,980
",
"







Iris Ohyama STF-DC15T Circulator Fan, Up/Down, Emissive, 24 Tatami Mata, Powerful Blower DC Motor with Remote Control, White






","
¥11,800
",
"







chaorong Alarm Clock Small Battery Operated Digital LED Large Display Bedroom, anywhere Battery 4 Pieces with LED Time Display Night and Day for 1 Years + Perform.






",,
"







Iris Ohyama Powerful Ventilation, Low-Noise Air Circulator, whites






","
¥6,980
",
"







Iris Ohyama PCF-HM23-W Circulator, Silent, Swing Left/Right Oscillation, 20 Tatami, Powerful Blower White






","
¥6,500
",
"







Iris Ohyama PCF-SDC15T Circulator, Eye, Quiet, Up/Down, 24 Tatami, Powerful Blower DC Motor with Remote Control, White






","
¥10,300
",
"







Iris Ohyama PCF-HM23-W Circulator, Silent, Swing Left/Right Oscillation, 20 Tatami, Powerful Blower White






","
¥6,500
",
"







Iris Ohyama PCF-SDC18T Circulator, Eye, Quiet, Up/Down, Oscillation, 30 Tatami Mats, Powerful Blower DC Motor with Remote Control, White






","
¥12,980
",
"







Iris Ohyama PCF-SDC15T Circulator, Eye, Quiet, Up/Down, 24 Tatami, Powerful Blower DC Motor with Remote Control, White






","
¥10,300
",
"







Iris Ohyama PCF-C15T Circulator, 22.1 sq ft (8 tatami), Silent, Up/Down Neck Swing, Powerful Blower with Remote Control, Timer Function, White






","
¥5,380
",
"







Iris Ohyama PCF-EHD15 Circulator, Left and Right Automatic Oscillation, 8 Tatami, Powerful Blow, Compact, White






",,
"







Iris Ohyama IK-C500 Circulator, Clothes Drying Function, Silent, Swing Right and Right, Powerful Air Flow, 3 Levels Adjustment, Timer Function, Room Drying, Cararie






","
¥7,237
",
"







Yamazen YAS-FKW18(W) Circulator, 24.2 sq ft (14 tatami), Easy to Clean, Quiet, Swing the Neck, Up and Down Angle, Adjustable 3 Air Flow Levels, White






",,
"







Iris Ohyama PCF-C15 Circulator, Silent, Swing Left and Right Oscillation, 22.8 sq ft (8 tatami), Powerful Blower with Remote Control, Timer Function, White






",,
"







iimono117 Circulator, 360 Degree Rotation, Automatic Oscillating ~ 24 Tatami Matsuri Remote Control, Timer, Silent, Front Blower, Fan for Room Drying, Washing and Bathroom Drying, (White)






","
¥4,180
",
"







Iris Ohyama PCF-SDC18T Circulator, Eye, Quiet, Up/Down, Oscillation, 30 Tatami Mats, Powerful Blower DC Motor with Remote Control, White






","
¥12,980
",
"







IRIS OHYAMA Circulator - Low noise - Fixed position - Up to 142.32 sq ft (8 mats) - White PCF-HD15N-B






","
¥2,280
",
"







Iris Ohyama PCF-EHD15 Circulator, Left and Right Automatic Oscillation, 8 Tatami, Powerful Blow, Compact, White






",,
"







Iris Ohyama Circulator, PCF-SC15TC-H, White, Remote Control, Quiet, Compact, Powerful, Fan, Oscillating, Costco iris ohyama






","
¥7,700
",
"







ZEPEAL DKS-20A Circulator Black






","
¥3,580
",
"







Iris Ohyama Comfort Ventilation Set (Air Purifier + Circulator) for 16 tatami (16 tatami mats)






","
¥14,480
",
"







ツインバード(TWINBIRD) サーキュレーター ブラック KJ-D781B






",,
"







Iris Ohyama Air Conditioner, 2021 Model Air Conditioner, 18 Tatami Mats, 5.6 kW, Energy Saving, Equipped with Automatic Louver, Interior Clean, LED Temperature Display, Main Unit, Outdoor Unit, Remote Control Set






","
¥99,800
",
"







Iris Ohyama PCF-C15 Circulator, Silent, Swing Left and Right Oscillation, 22.8 sq ft (8 tatami), Powerful Blower with Remote Control, Timer Function, White






",,
"







IRIS OHYAMA Circulator - Low noise - Fixed position - Up to 142.32 sq ft (8 mats) - White PCF-HD15N-B






","
¥2,280
",
"







iimono117 Circulator, 360 Degree Rotation, Automatic Oscillating ~ 24 Tatami Matsuri Remote Control, Timer, Silent, Front Blower, Fan for Room Drying, Washing and Bathroom Drying, (White)






","
¥4,180
",
"







Iris Ohyama PF-301RA-W Fan, Swinging Head, 3 Levels, Timer Function, Ventilation, Living Room Fan, White






","
¥2,980
",
"







Iris Ohyama Circulator, PCF-SC15TC-H, White, Remote Control, Quiet, Compact, Powerful, Fan, Oscillating, Costco iris ohyama






","
¥7,700
",
"







Folding Fan, Small Tabletop Fan, Circulator, Humidification Function, Portable, Living Room, Extendable Height Adjustment, USB Rechargeable, 4 Levels, Light Included, Up and Down Angle, 185° Adjustable, Long Time, Quiet, Convenient Storage, Portable, Outdoor, Japanese Instruction Manual Included, White






","
¥3,999
",
"







Iris Ohyama JCH-12TDSW1-W Large Air Flow Ceramic Fan Heater, With Motion Sensor






","
¥9,172
",
"







Iris Ohyama Comfort Ventilation Set (Air Purifier + Circulator) for 10 sq ft (10 sq m)






","
¥12,030
",
"







アイリスオーヤマ 卓上扇風機 強力静音 360°角度調節 Woozoo PCF-HE18 プラスチック ブラック 31W 23msq 21.4×27.8×29.3cm 【英国モデル】






","
¥55,455
",
"







Circulator, Portable Fan, Folding Fan, Sway Head Fan, Height Adjustable, Humidification Function, Compatible with Water Soluble Aroma, Remote Control, Living Fan, 7200 mA, 20 Hours Continuous Use, 10 Tatami Mats, Powerful Blow, Ambidextrous, Ultra Quiet, Protects Against Heatstroke, Suitable for Bedroom/Office/Outdoors/Living Rooms, Etc.






",,
"







Circulator, Portable Fan, Folding Fan, Sway Head Fan, Height Adjustable, Humidification Function, Compatible with Water Soluble Aroma, Remote Control, Living Fan, 7200 mA, 20 Hours Continuous Use, 10 Tatami Mats, Powerful Blow, Ambidextrous, Ultra Quiet, Protects Against Heatstroke, Suitable for Bedroom/Office/Outdoors/Living Rooms, Etc., White






",,
"







Iris Ohyama Comfort Ventilation Set (Air Purifier + Circulator) for 16 tatami (16 tatami mats)






","
¥14,480
",
"







Iris Ohyama HCK-5519 Circulator Humidifier, Hybrid, Up/Down, Up/Down, Maximum Humidification 19.7 fl oz (550 ml) / h Humidity Digital Display, Gray / White






","
¥14,500
",
"







chaorong Alarm Clock Small Battery Operated Digital LED Large Display Bedroom, anywhere Battery 4&nbsp;Pieces with LED Time Display Night and Day for 1&nbsp;Years + Perform.






",,
"







Iris Ohyama Powerful Ventilation, Low-Noise Air Circulator, whites






","
¥6,980
","
B079LWYC17
"
"







Iris Ohyama Powerful Ventilation, Low-Noise Air Circulator, whites






","
¥6,980
","
B079LWYC17
"
"







Iris Ohyama PCF-HM23-W Circulator, Silent, Swing Left/Right Oscillation, 20 Tatami, Powerful Blower White






","
¥6,500
","
B00TY322BO
"
"







Iris Ohyama PCF-SDC15T Circulator, Eye, Quiet, Up/Down, 24 Tatami, Powerful Blower DC Motor with Remote Control, White






","
¥10,300
","
B07QP882VF
"
"







Iris Ohyama PCF-SDC18T Circulator, Eye, Quiet, Up/Down, Oscillation, 30 Tatami Mats, Powerful Blower DC Motor with Remote Control, White






","
¥12,980
","
B07QSK24P7
"
"







Iris Ohyama STF-DC15T Circulator Fan, Up/Down, Emissive, 24 Tatami Mata, Powerful Blower DC Motor with Remote Control, White






","
¥11,800
","
B07QQDRFT2
"
"







Iris Ohyama PCF-SDC15T Circulator, Eye, Quiet, Up/Down, 24 Tatami, Powerful Blower DC Motor with Remote Control, White






","
¥10,300
","
B07QP882VF
"
"







Iris Ohyama PCF-HM23-W Circulator, Silent, Swing Left/Right Oscillation, 20 Tatami, Powerful Blower White






","
¥6,500
","
B00TY322BO
"
"







Iris Ohyama PCF-EHD15 Circulator, Left and Right Automatic Oscillation, 8 Tatami, Powerful Blow, Compact, White






",,
"







Iris Ohyama PCF-C15T Circulator, 22.1 sq ft (8 tatami), Silent, Up/Down Neck Swing, Powerful Blower with Remote Control, Timer Function, White






","
¥5,380
","
B00TY322AU
"
"







Iris Ohyama PCF-C15 Circulator, Silent, Swing Left and Right Oscillation, 22.8 sq ft (8 tatami), Powerful Blower with Remote Control, Timer Function, White






",,
"







IRIS OHYAMA Circulator - Low noise - Fixed position - Up to 142.32 sq ft (8 mats) - White PCF-HD15N-B






","
¥2,280
","
B01CY3SO4Y
"
"







IRIS OHYAMA Circulator - Low noise - Fixed position - Up to 142.32 sq ft (8 mats) - White PCF-HD15N-B






","
¥2,280
","
B01CY3SO4Y
"
"







iimono117 Circulator, 360 Degree Rotation, Automatic Oscillating ~ 24 Tatami Matsuri Remote Control, Timer, Silent, Front Blower, Fan for Room Drying, Washing and Bathroom Drying, (White)






","
¥4,180
","
B07NY5FVNP
"
"







Iris Ohyama PF-301RA-W Fan, Swinging Head, 3 Levels, Timer Function, Ventilation, Living Room Fan, White






","
¥2,980
","
B088H9DQ9L
"
"







iimono117 Circulator, 360 Degree Rotation, Automatic Oscillating ~ 24 Tatami Matsuri Remote Control, Timer, Silent, Front Blower, Fan for Room Drying, Washing and Bathroom Drying, (White)






","
¥4,180
","
B07NY5FVNP
"
"







Iris Ohyama Circulator, PCF-SC15TC-H, White, Remote Control, Quiet, Compact, Powerful, Fan, Oscillating, Costco iris ohyama






","
¥7,700
","
B08FR5K1ZC
"
"







Iris Ohyama PCF-SDC18T Circulator, Eye, Quiet, Up/Down, Oscillation, 30 Tatami Mats, Powerful Blower DC Motor with Remote Control, White






","
¥12,980
","
B07QSK24P7
"
"







Iris Ohyama Comfort Ventilation Set (Air Purifier + Circulator) for 16 tatami (16 tatami mats)






","
¥14,480
","
B08JZ1XMMX
"
"







Yamazen YAS-FKW18(W) Circulator, 24.2 sq ft (14 tatami), Easy to Clean, Quiet, Swing the Neck, Up and Down Angle, Adjustable 3 Air Flow Levels, White






",,
"







Iris Ohyama Air Conditioner, 2021 Model Air Conditioner, 18 Tatami Mats, 5.6 kW, Energy Saving, Equipped with Automatic Louver, Interior Clean, LED Temperature Display, Main Unit, Outdoor Unit, Remote Control Set






","
¥99,800
",
"







Iris Ohyama IK-C500 Circulator, Clothes Drying Function, Silent, Swing Right and Right, Powerful Air Flow, 3 Levels Adjustment, Timer Function, Room Drying, Cararie






","
¥7,237
","
B0758JSX4V
"
"







ツインバード(TWINBIRD) サーキュレーター ブラック KJ-D781B






",,
"







ZEPEAL DKS-20A Circulator Black






","
¥3,580
","
B00PY1NQII
"
"







Iris Ohyama Circulator, PCF-SC15TC-H, White, Remote Control, Quiet, Compact, Powerful, Fan, Oscillating, Costco iris ohyama






","
¥7,700
","
B08FR5K1ZC
"
"







Folding Fan, Small Tabletop Fan, Circulator, Humidification Function, Portable, Living Room, Extendable Height Adjustment, USB Rechargeable, 4 Levels, Light Included, Up and Down Angle, 185° Adjustable, Long Time, Quiet, Convenient Storage, Portable, Outdoor, Japanese Instruction Manual Included, White






","
¥3,999
","
B087RH11Y8
"
"







Iris Ohyama PCF-EHD15 Circulator, Left and Right Automatic Oscillation, 8 Tatami, Powerful Blow, Compact, White






",,
"







Iris Ohyama JCH-12TDSW1-W Large Air Flow Ceramic Fan Heater, With Motion Sensor






","
¥9,172
","
B07WP8XP93
"
"







Iris Ohyama PCF-C15 Circulator, Silent, Swing Left and Right Oscillation, 22.8 sq ft (8 tatami), Powerful Blower with Remote Control, Timer Function, White






",,
"







Iris Ohyama Comfort Ventilation Set (Air Purifier + Circulator) for 10 sq ft (10 sq m)






","
¥12,030
","
B08JZ1FZ1G
"
"







アイリスオーヤマ 卓上扇風機 強力静音 360°角度調節 Woozoo PCF-HE18 プラスチック ブラック 31W 23msq 21.4×27.8×29.3cm 【英国モデル】






","
¥55,455
","
B07Z4C3BRP
"
"







Circulator, Portable Fan, Folding Fan, Sway Head Fan, Height Adjustable, Humidification Function, Compatible with Water Soluble Aroma, Remote Control, Living Fan, 7200 mA, 20 Hours Continuous Use, 10 Tatami Mats, Powerful Blow, Ambidextrous, Ultra Quiet, Protects Against Heatstroke, Suitable for Bedroom/Office/Outdoors/Living Rooms, Etc.






",,
"







Circulator, Portable Fan, Folding Fan, Sway Head Fan, Height Adjustable, Humidification Function, Compatible with Water Soluble Aroma, Remote Control, Living Fan, 7200 mA, 20 Hours Continuous Use, 10 Tatami Mats, Powerful Blow, Ambidextrous, Ultra Quiet, Protects Against Heatstroke, Suitable for Bedroom/Office/Outdoors/Living Rooms, Etc., White






",,
"







Iris Ohyama Comfort Ventilation Set (Air Purifier + Circulator) for 16 tatami (16 tatami mats)






","
¥14,480
","
B08JZ1XMMX
"
"







Iris Ohyama HCK-5519 Circulator Humidifier, Hybrid, Up/Down, Up/Down, Maximum Humidification 19.7 fl oz (550 ml) / h Humidity Digital Display, Gray / White






","
¥14,500
","
B07WP8XP89
"
"







chaorong Alarm Clock Small Battery Operated Digital LED Large Display Bedroom, anywhere Battery 4 Pieces with LED Time Display Night and Day for 1 Years + Perform.






",,
"







Iris Ohyama Powerful Ventilation, Low-Noise Air Circulator, whites






","
¥6,980
",
"







Iris Ohyama Powerful Ventilation, Low-Noise Air Circulator, whites






","
¥6,980
",
"







Iris Ohyama PCF-HM23-W Circulator, Silent, Swing Left/Right Oscillation, 20 Tatami, Powerful Blower White






","
¥6,500
",
"







Iris Ohyama PCF-SDC15T Circulator, Eye, Quiet, Up/Down, 24 Tatami, Powerful Blower DC Motor with Remote Control, White






","
¥10,300
",
"







Iris Ohyama PCF-SDC18T Circulator, Eye, Quiet, Up/Down, Oscillation, 30 Tatami Mats, Powerful Blower DC Motor with Remote Control, White






","
¥12,980
",
"







Iris Ohyama STF-DC15T Circulator Fan, Up/Down, Emissive, 24 Tatami Mata, Powerful Blower DC Motor with Remote Control, White






","
¥11,800
",
"







chaorong Alarm Clock Small Battery Operated Digital LED Large Display Bedroom, anywhere Battery 4 Pieces with LED Time Display Night and Day for 1 Years + Perform.






",,
"







Iris Ohyama Powerful Ventilation, Low-Noise Air Circulator, whites






","
¥6,980
","
B079LWYC17
"
"







Iris Ohyama STF-DC15T Circulator Fan, Up/Down, Emissive, 24 Tatami Mata, Powerful Blower DC Motor with Remote Control, White






","
¥11,800
",
"







Iris Ohyama Powerful Ventilation, Low-Noise Air Circulator, whites






","
¥6,980
",
"







chaorong Alarm Clock Small Battery Operated Digital LED Large Display Bedroom, anywhere Battery 4&nbsp;Pieces with LED Time Display Night and Day for 1&nbsp;Years + Perform.






",,
"







Iris Ohyama PCF-HM23-W Circulator, Silent, Swing Left/Right Oscillation, 20 Tatami, Powerful Blower White






","
¥6,500
","
B00TY322BO
"
"







Iris Ohyama STF-DC15T Circulator Fan, Up/Down, Emissive, 24 Tatami Mata, Powerful Blower DC Motor with Remote Control, White






","
¥11,800
","
B07QQDRFT2
"
"







Iris Ohyama PCF-HM23-W Circulator, Silent, Swing Left/Right Oscillation, 20 Tatami, Powerful Blower White






","
¥6,500
",
"







Iris Ohyama PCF-SDC15T Circulator, Eye, Quiet, Up/Down, 24 Tatami, Powerful Blower DC Motor with Remote Control, White






","
¥10,300
","
B07QP882VF
"
"







Iris Ohyama Powerful Ventilation, Low-Noise Air Circulator, whites






","
¥6,980
",
"







Iris Ohyama Powerful Ventilation, Low-Noise Air Circulator, whites






","
¥6,980
","
B079LWYC17
"
"







Iris Ohyama PCF-SDC15T Circulator, Eye, Quiet, Up/Down, 24 Tatami, Powerful Blower DC Motor with Remote Control, White






","
¥10,300
","
B07QP882VF
"
"







IRIS OHYAMA Circulator - Low noise - Fixed position - Up to 142.32 sq ft (8 mats) - White PCF-HD15N-B






","
¥2,280
","
B01CY3SO4Y
"
"







Iris Ohyama PCF-SDC18T Circulator, Eye, Quiet, Up/Down, Oscillation, 30 Tatami Mats, Powerful Blower DC Motor with Remote Control, White






","
¥12,980
","
B07QSK24P7
"
"







Iris Ohyama PCF-HM23-W Circulator, Silent, Swing Left/Right Oscillation, 20 Tatami, Powerful Blower White






","
¥6,500
","
B00TY322BO
"
"







iimono117 Circulator, 360 Degree Rotation, Automatic Oscillating ~ 24 Tatami Matsuri Remote Control, Timer, Silent, Front Blower, Fan for Room Drying, Washing and Bathroom Drying, (White)






","
¥4,180
","
B07NY5FVNP
"
"







Iris Ohyama PCF-C15T Circulator, 22.1 sq ft (8 tatami), Silent, Up/Down Neck Swing, Powerful Blower with Remote Control, Timer Function, White






","
¥5,380
","
B00TY322AU
"
"







Iris Ohyama Circulator, PCF-SC15TC-H, White, Remote Control, Quiet, Compact, Powerful, Fan, Oscillating, Costco iris ohyama






","
¥7,700
","
B08FR5K1ZC
"
"







Iris Ohyama IK-C500 Circulator, Clothes Drying Function, Silent, Swing Right and Right, Powerful Air Flow, 3 Levels Adjustment, Timer Function, Room Drying, Cararie






","
¥7,237
","
B0758JSX4V
"
"







Iris Ohyama PCF-EHD15 Circulator, Left and Right Automatic Oscillation, 8 Tatami, Powerful Blow, Compact, White






",,
"







Yamazen YAS-FKW18(W) Circulator, 24.2 sq ft (14 tatami), Easy to Clean, Quiet, Swing the Neck, Up and Down Angle, Adjustable 3 Air Flow Levels, White






",,
"







Iris Ohyama PCF-C15 Circulator, Silent, Swing Left and Right Oscillation, 22.8 sq ft (8 tatami), Powerful Blower with Remote Control, Timer Function, White






",,
"







Iris Ohyama PCF-SDC18T Circulator, Eye, Quiet, Up/Down, Oscillation, 30 Tatami Mats, Powerful Blower DC Motor with Remote Control, White






","
¥12,980
","
B07QSK24P7
"
"







Iris Ohyama Comfort Ventilation Set (Air Purifier + Circulator) for 16 tatami (16 tatami mats)






","
¥14,480
","
B08JZ1XMMX
"
"







Iris Ohyama PCF-EHD15 Circulator, Left and Right Automatic Oscillation, 8 Tatami, Powerful Blow, Compact, White






",,
"







Iris Ohyama Air Conditioner, 2021 Model Air Conditioner, 18 Tatami Mats, 5.6 kW, Energy Saving, Equipped with Automatic Louver, Interior Clean, LED Temperature Display, Main Unit, Outdoor Unit, Remote Control Set






","
¥99,800
",
"







ZEPEAL DKS-20A Circulator Black






","
¥3,580
","
B00PY1NQII
"
"







ツインバード(TWINBIRD) サーキュレーター ブラック KJ-D781B






",,
"







Iris Ohyama PCF-C15 Circulator, Silent, Swing Left and Right Oscillation, 22.8 sq ft (8 tatami), Powerful Blower with Remote Control, Timer Function, White






",,
"







iimono117 Circulator, 360 Degree Rotation, Automatic Oscillating ~ 24 Tatami Matsuri Remote Control, Timer, Silent, Front Blower, Fan for Room Drying, Washing and Bathroom Drying, (White)






","
¥4,180
","
B07NY5FVNP
"
"







IRIS OHYAMA Circulator - Low noise - Fixed position - Up to 142.32 sq ft (8 mats) - White PCF-HD15N-B






","
¥2,280
","
B01CY3SO4Y
"
"







Iris Ohyama Circulator, PCF-SC15TC-H, White, Remote Control, Quiet, Compact, Powerful, Fan, Oscillating, Costco iris ohyama






","
¥7,700
","
B08FR5K1ZC
"
"







アイリスオーヤマ 卓上扇風機 強力静音 360°角度調節 Woozoo PCF-HE18 プラスチック ブラック 31W 23msq 21.4×27.8×29.3cm 【英国モデル】






","
¥55,455
","
B07Z4C3BRP
"
"







Circulator, Portable Fan, Folding Fan, Sway Head Fan, Height Adjustable, Humidification Function, Compatible with Water Soluble Aroma, Remote Control, Living Fan, 7200 mA, 20 Hours Continuous Use, 10 Tatami Mats, Powerful Blow, Ambidextrous, Ultra Quiet, Protects Against Heatstroke, Suitable for Bedroom/Office/Outdoors/Living Rooms, Etc.






",,
"







Circulator, Portable Fan, Folding Fan, Sway Head Fan, Height Adjustable, Humidification Function, Compatible with Water Soluble Aroma, Remote Control, Living Fan, 7200 mA, 20 Hours Continuous Use, 10 Tatami Mats, Powerful Blow, Ambidextrous, Ultra Quiet, Protects Against Heatstroke, Suitable for Bedroom/Office/Outdoors/Living Rooms, Etc., White






",,
"







Iris Ohyama Comfort Ventilation Set (Air Purifier + Circulator) for 10 sq ft (10 sq m)






","
¥12,030
","
B08JZ1FZ1G
"
"







Iris Ohyama Comfort Ventilation Set (Air Purifier + Circulator) for 16 tatami (16 tatami mats)






","
¥14,480
","
B08JZ1XMMX
"
"







Folding Fan, Small Tabletop Fan, Circulator, Humidification Function, Portable, Living Room, Extendable Height Adjustment, USB Rechargeable, 4 Levels, Light Included, Up and Down Angle, 185° Adjustable, Long Time, Quiet, Convenient Storage, Portable, Outdoor, Japanese Instruction Manual Included, White






","
¥3,999
","
B087RH11Y8
"
"







Iris Ohyama JCH-12TDSW1-W Large Air Flow Ceramic Fan Heater, With Motion Sensor






","
¥9,172
","
B07WP8XP93
"
"







Iris Ohyama HCK-5519 Circulator Humidifier, Hybrid, Up/Down, Up/Down, Maximum Humidification 19.7 fl oz (550 ml) / h Humidity Digital Display, Gray / White






","
¥14,500
","
B07WP8XP89
"
"







Iris Ohyama PF-301RA-W Fan, Swinging Head, 3 Levels, Timer Function, Ventilation, Living Room Fan, White






","
¥2,980
","
B088H9DQ9L
"
"







Iris Ohyama STF-DC15T Circulator Fan, Up/Down, Emissive, 24 Tatami Mata, Powerful Blower DC Motor with Remote Control, White






","
¥11,800
",
"







chaorong Alarm Clock Small Battery Operated Digital LED Large Display Bedroom, anywhere Battery 4 Pieces with LED Time Display Night and Day for 1 Years + Perform.






",,
"







Iris Ohyama Powerful Ventilation, Low-Noise Air Circulator, whites






","
¥6,980
",
"







Iris Ohyama Powerful Ventilation, Low-Noise Air Circulator, whites






","
¥6,980
",
"







Iris Ohyama PCF-HM23-W Circulator, Silent, Swing Left/Right Oscillation, 20 Tatami, Powerful Blower White






","
¥6,500
",
"







Iris Ohyama PCF-SDC15T Circulator, Eye, Quiet, Up/Down, 24 Tatami, Powerful Blower DC Motor with Remote Control, White






","
¥10,300
",
"







Iris Ohyama PCF-SDC18T Circulator, Eye, Quiet, Up/Down, Oscillation, 30 Tatami Mats, Powerful Blower DC Motor with Remote Control, White






","
¥12,980
",
"







Iris Ohyama PCF-HM23-W Circulator, Silent, Swing Left/Right Oscillation, 20 Tatami, Powerful Blower White






","
¥6,500
",
"







Iris Ohyama PCF-SDC15T Circulator, Eye, Quiet, Up/Down, 24 Tatami, Powerful Blower DC Motor with Remote Control, White






","
¥10,300
",
"







Iris Ohyama Powerful Ventilation, Low-Noise Air Circulator, whites






","
¥6,980
",
"







chaorong Alarm Clock Small Battery Operated Digital LED Large Display Bedroom, anywhere Battery 4 Pieces with LED Time Display Night and Day for 1 Years + Perform.






",,
"







Iris Ohyama Powerful Ventilation, Low-Noise Air Circulator, whites






","
¥6,980
",
"







Iris Ohyama PCF-HM23-W Circulator, Silent, Swing Left/Right Oscillation, 20 Tatami, Powerful Blower White






","
¥6,500
",
"







Iris Ohyama PCF-SDC15T Circulator, Eye, Quiet, Up/Down, 24 Tatami, Powerful Blower DC Motor with Remote Control, White






","
¥10,300
",
"







Iris Ohyama PCF-SDC15T Circulator, Eye, Quiet, Up/Down, 24 Tatami, Powerful Blower DC Motor with Remote Control, White






","
¥10,300
",
"







Iris Ohyama STF-DC15T Circulator Fan, Up/Down, Emissive, 24 Tatami Mata, Powerful Blower DC Motor with Remote Control, White






","
¥11,800
",
"







IRIS OHYAMA Circulator - Low noise - Fixed position - Up to 142.32 sq ft (8 mats) - White PCF-HD15N-B






","
¥2,280
",
"







Iris Ohyama PCF-HM23-W Circulator, Silent, Swing Left/Right Oscillation, 20 Tatami, Powerful Blower White






","
¥6,500
",
"







Iris Ohyama Powerful Ventilation, Low-Noise Air Circulator, whites






","
¥6,980
",B079LWYC17
"







chaorong Alarm Clock Small Battery Operated Digital LED Large Display Bedroom, anywhere Battery 4 Pieces with LED Time Display Night and Day for 1 Years + Perform.






",,
"







Iris Ohyama Powerful Ventilation, Low-Noise Air Circulator, whites






","
¥6,980
",B079LWYC17
